ID,Password
1,WLnfm
2,tbdvf
3,ssQoY
4,TwLTV
5,XSuZf
6,ELBnm
7,UiOTp
8,YQWIu
9,eBvqI
10,mHOBy
11,ekvAp
12,oqNLm
13,PiSLQ
14,ljuot
15,Exoop
16,RBCZm
17,lFxpr
18,wSihg
19,VBzor
20,ZsjvJ
21,EcIwn
22,qFSqd
23,RCxma
24,JXiiy
25,dWaHD
26,lutpz
27,wwyAJ
28,bQuDq
29,BvHYE
30,KFlSy
31,ltgqs
32,JfWwx
33,HyvBZ
34,wcQNR
35,vGNzg
36,SDcke
37,zZuXY
38,oITCB
39,eZynI
40,zqIpt
41,oiDIV
42,MOfgM
43,hqChA
44,FROEr
45,DBVoG
46,uOxcL
47,lBtKe
48,ERVFa
49,wvNmc
50,HThSs
51,DvjCX
52,JeWxD
53,HiQGM
54,oUFcH
55,WzfAq
56,LdXdE
57,XSjql
58,dkrUJ
59,YWpIs
60,FEDwI
61,OujTc
62,fGkCV
63,LFXxg
64,KebFd
65,IWQbK
66,BVInD
67,FKUvi
68,LBfvj
69,MeGUv
70,xqTXU
71,kqKxs
72,RLIQX
73,HwYeP
74,HBKhN
75,lolQu
76,Kjsjz
77,BDGyQ
78,NHmXH
79,Pznuu
80,RODBE
81,ImpTk
82,uZTtL
83,WZVug
84,yWyBg
85,ngJuX
86,qlbSw
87,SvZZL
88,nZPVO
89,wPXZV
90,GkRSm
91,zdJhM
92,OkZOf
93,zGPvQ
94,RBrDJ
95,GGRvl
96,BJlaw
97,jluZJ
98,VsfbE
99,sCcmt
100,LoBZj
101,LmZLG
102,aWWRF
103,MsXyR
